{
  "dev": {
    "awscloudformation": {
      "AuthRoleName": "amplify-website-dev-224312-authRole",
      "UnauthRoleArn": "arn:aws:iam::032874576727:role/amplify-website-dev-224312-unauthRole",
      "AuthRoleArn": "arn:aws:iam::032874576727:role/amplify-website-dev-224312-authRole",
      "Region": "us-east-2",
      "DeploymentBucketName": "amplify-website-dev-224312-deployment",
      "UnauthRoleName": "amplify-website-dev-224312-unauthRole",
      "StackName": "amplify-website-dev-224312",
      "StackId": "arn:aws:cloudformation:us-east-2:032874576727:stack/amplify-website-dev-224312/303285f0-28f8-11eb-8579-02b77ace74e8",
      "AmplifyAppId": "d38ih95jtfwh7u"
    },
    "categories": {
      "auth": {
        "website7b210662": {}
      }
    }
  }
}