{
  "auth": {
    "website7b210662": {
      "service": "Cognito",
      "providerPlugin": "awscloudformation",
      "dependsOn": [],
      "customAuth": false
    }
  },
  "api": {
    "notesapp": {
      "service": "AppSync",
      "providerPlugin": "awscloudformation",
      "output": {
        "authConfig": {
          "defaultAuthentication": {
            "authenticationType": "API_KEY",
            "apiKeyConfig": {
              "apiKeyExpirationDays": 7,
              "description": ""
            }
          },
          "additionalAuthenticationProviders": []
        }
      }
    }
  },
  "storage": {
    "s3372869aa": {
      "service": "S3",
      "providerPlugin": "awscloudformation"
    }
  }
}